醫事機構代碼,醫事機構名稱,醫事機構種類,電話,地址,分區業務組,特約類別,服務項目,診療科別,終止合約或歇業日期,固定看診時段,備註,縣市別代碼,合約起日
0101090517,臺北市立聯合醫院,綜合醫院,(02)25553000,臺北市大同區鄭州路１４５號（代表）,臺北業務組,2,"安寧居家療護(乙類),復健－物理治療業務,復健－職能治療業務,住院安寧療護,安寧居家療護(甲類),復健－語言治療業務,急診業務,門診診療,婦女人類乳突病毒檢測服務,住院診療,血液透析,分娩,精神病患者居家照護,胸部低劑量電腦斷層檢查,精神科日間住院治療,結核病","不分科,家醫科,內科,外科,兒科,婦產科,骨科,神經外科,泌尿科,耳鼻喉科,眼科,皮膚科,神經科,精神科,復健科,整形外科,職業醫學科,急診醫學科,牙科,口腔顎面外科,口腔病理科,家庭牙醫科,特殊需求者口腔醫學科,中醫一般科,麻醉科,核子醫學科,放射腫瘤科,放射診斷科,解剖病理科,臨床病理科",20271231,星期一上午看診、星期二上午看診、星期三上午看診、星期四上午看診、星期五上午看診、星期六上午看診、星期日上午休診、星期一下午看診、星期二下午看診、星期三下午看診、星期四下午看診、星期五下午看診、星期六下午休診、星期日下午休診、星期一晚上看診、星期二晚上看診、星期三晚上看診、星期四晚上看診、星期五晚上看診、星期六晚上休診、星期日晚上休診,急診24小時服務,63000,20050101
0102020011,高雄市立聯合醫院,綜合醫院,(07)5552565,高雄市鼓山區中華一路９７６號,高屏業務組,2,"復健－物理治療業務,復健－職能治療業務,復健－語言治療業務,急診業務,門診診療,婦女人類乳突病毒檢測服務,住院診療,血液透析,分娩,義肢業務,胸部低劑量電腦斷層檢查,精神科日間住院治療","家醫科,內科,外科,兒科,婦產科,骨科,神經外科,泌尿科,耳鼻喉科,眼科,神經科,精神科,復健科,整形外科,急診醫學科,牙科,中醫一般科,麻醉科,核子醫學科,放射腫瘤科,放射診斷科,解剖病理科",20280229,星期一上午看診、星期二上午看診、星期三上午看診、星期四上午看診、星期五上午看診、星期六上午看診、星期日上午休診、星期一下午看診、星期二下午看診、星期三下午看診、星期四下午看診、星期五下午看診、星期六下午休診、星期日下午休診、星期一晚上看診、星期二晚上看診、星期三晚上看診、星期四晚上看診、星期五晚上看診、星期六晚上休診、星期日晚上休診,全天門診24小時急診及住院業務,64000,19950301
0102070020,高雄市立大同醫院（委託財團法人私立高雄醫學大學經營),綜合醫院,(07)2911101,高雄市前金區中華三路６８號,高屏業務組,2,,,20241231,星期一上午看診、星期二上午看診、星期三上午看診、星期四上午看診、星期五上午看診、星期六上午看診、星期日上午休診、星期一下午看診、星期二下午看診、星期三下午看診、星期四下午看診、星期五下午看診、星期六下午休診、星期日下午休診、星期一晚上看診、星期二晚上看診、星期三晚上看診、星期四晚上看診、星期五晚上看診、星期六晚上休診、星期日晚上休診,急診24小時提供服務,64000,20100101
0102080026,高雄市立凱旋醫院,精神科醫院,(07)7513171,高雄市苓雅區凱旋二路１３０號,高屏業務組,2,"復健－物理治療業務,急診業務,門診診療,住院診療,精神病患者居家照護,精神科日間住院治療","兒科,神經科,精神科",20280229,星期一上午看診、星期二上午看診、星期三上午看診、星期四上午看診、星期五上午看診、星期六上午看診、星期日上午休診、星期一下午看診、星期二下午看診、星期三下午看診、星期四下午看診、星期五下午看診、星期六下午休診、星期日下午休診、星期一晚上看診、星期二晚上看診、星期三晚上看診、星期四晚上看診、星期五晚上看診、星期六晚上休診、星期日晚上休診,-,64000,19950301
0107340027,高雄市立大同醫院,綜合醫院,(07)2911101,高雄市前金區中華三路６８號,高屏業務組,2,"復健－物理治療業務,復健－職能治療業務,復健－聽力檢查業務,復健－語言治療業務,急診業務,門診診療,婦女人類乳突病毒檢測服務,住院診療,血液透析,分娩,胸部低劑量電腦斷層檢查","家醫科,內科,外科,兒科,婦產科,骨科,神經外科,泌尿科,耳鼻喉科,眼科,皮膚科,神經科,精神科,復健科,整形外科,職業醫學科,急診醫學科,牙科,家庭牙醫科,麻醉科,放射腫瘤科,放射診斷科,解剖病理科",20271231,星期一上午看診、星期二上午看診、星期三上午看診、星期四上午看診、星期五上午看診、星期六上午看診、星期日上午休診、星期一下午看診、星期二下午看診、星期三下午看診、星期四下午看診、星期五下午看診、星期六下午休診、星期日下午休診、星期一晚上看診、星期二晚上看診、星期三晚上看診、星期四晚上看診、星期五晚上看診、星期六晚上休診、星期日晚上休診,24小時提供急診服務,64000,20250101
0111070010,衛生福利部基隆醫院,綜合醫院,(02)24292525,基隆市信義區信二路２６８號,臺北業務組,2,"復健－物理治療業務,復健－職能治療業務,住院安寧療護,復健－語言治療業務,急診業務,門診診療,婦女人類乳突病毒檢測服務,住院診療,血液透析,分娩,精神病患者居家照護,義肢業務,胸部低劑量電腦斷層檢查,精神科日間住院治療,腹膜透析業務,結核病","家醫科,內科,外科,兒科,婦產科,骨科,神經外科,泌尿科,耳鼻喉科,眼科,皮膚科,神經科,精神科,復健科,急診醫學科,牙科,中醫一般科,麻醉科,放射診斷科,解剖病理科",20280229,星期一上午看診、星期二上午看診、星期三上午看診、星期四上午看診、星期五上午看診、星期六上午看診、星期日上午休診、星期一下午看診、星期二下午看診、星期三下午看診、星期四下午看診、星期五下午看診、星期六下午休診、星期日下午休診、星期一晚上看診、星期二晚上看診、星期三晚上看診、星期四晚上看診、星期五晚上看診、星期六晚上休診、星期日晚上休診,夜間及國定例假日門診掛號費150元；提供24小時急診服務,10017,19950301
0117030010,衛生福利部臺中醫院,綜合醫院,(04)22294411,臺中市西區三民路一段１９９號,中區業務組,2,"復健－物理治療業務,復健－職能治療業務,住院安寧療護,復健－聽力檢查業務,復健－語言治療業務,急診業務,門診診療,住院診療,血液透析,分娩,精神病患者居家照護,胸部低劑量電腦斷層檢查,精神科日間住院治療,腹膜透析業務","不分科,家醫科,內科,外科,兒科,婦產科,骨科,神經外科,泌尿科,耳鼻喉科,眼科,皮膚科,神經科,精神科,復健科,整形外科,急診醫學科,牙科,中醫一般科,麻醉科,核子醫學科,放射腫瘤科,放射診斷科,解剖病理科",20280229,星期一上午看診、星期二上午看診、星期三上午看診、星期四上午看診、星期五上午看診、星期六上午看診、星期日上午休診、星期一下午看診、星期二下午看診、星期三下午看診、星期四下午看診、星期五下午看診、星期六下午休診、星期日下午休診、星期一晚上看診、星期二晚上看診、星期三晚上看診、星期四晚上看診、星期五晚上看診、星期六晚上休診、星期日晚上休診,本院提供二十四小時急診服務,66000,19950301
0121050011,衛生福利部臺南醫院,綜合醫院,(06)2200055,臺南市中西區中山路１２５號,南區業務組,2,"復健－物理治療業務,復健－職能治療業務,住院安寧療護,安寧居家療護(甲類),復健－語言治療業務,急診業務,門診診療,婦女人類乳突病毒檢測服務,住院診療,血液透析,分娩,精神病患者居家照護,胸部低劑量電腦斷層檢查,精神科日間住院治療,腹膜透析業務","家醫科,內科,外科,兒科,婦產科,骨科,神經外科,泌尿科,耳鼻喉科,皮膚科,神經科,精神科,復健科,整形外科,職業醫學科,急診醫學科,牙科,口腔顎面外科,中醫一般科,麻醉科,放射線科,病理科",20280229,星期一上午看診、星期二上午看診、星期三上午看診、星期四上午看診、星期五上午看診、星期六上午看診、星期日上午休診、星期一下午看診、星期二下午看診、星期三下午看診、星期四下午看診、星期五下午看診、星期六下午休診、星期日下午休診、星期一晚上看診、星期二晚上看診、星期三晚上看診、星期四晚上看診、星期五晚上看診、星期六晚上休診、星期日晚上休診,急診24小時看診。,10021,19950301
0131020016,新北市立聯合醫院,綜合醫院,(02)29829111,新北市三重區新北大道１段３號、３之１號、板橋區英士路１９８號,臺北業務組,2,"復健－物理治療業務,復健－職能治療業務,復健－語言治療業務,急診業務,門診診療,婦女人類乳突病毒檢測服務,住院診療,血液透析,分娩,胸部低劑量電腦斷層檢查,腹膜透析業務,結核病","家醫科,內科,外科,兒科,婦產科,骨科,神經外科,泌尿科,耳鼻喉科,眼科,皮膚科,神經科,精神科,整形外科,急診醫學科,牙科,中醫一般科,麻醉科,病理科,核子醫學科,放射診斷科,解剖病理科",20261031,星期一上午看診、星期二上午看診、星期三上午看診、星期四上午看診、星期五上午看診、星期六上午看診、星期日上午休診、星期一下午看診、星期二下午看診、星期三下午看診、星期四下午看診、星期五下午看診、星期六下午休診、星期日下午休診、星期一晚上休診、星期二晚上休診、星期三晚上休診、星期四晚上休診、星期五晚上休診、星期六晚上休診、星期日晚上休診,提供急診24小時服務,65000,20111101
0131060029,衛生福利部臺北醫院,綜合醫院,(02)22765566,新北市新莊區思源路１２７號、新北巿新莊區長青街６號２樓、３樓,臺北業務組,2,"復健－物理治療業務,復健－職能治療業務,住院安寧療護,復健－語言治療業務,急診業務,門診診療,婦女人類乳突病毒檢測服務,住院診療,血液透析,分娩,精神病患者居家照護,義肢業務,胸部低劑量電腦斷層檢查,精神科日間住院治療,結核病","不分科,家醫科,內科,外科,兒科,婦產科,骨科,神經外科,泌尿科,耳鼻喉科,眼科,皮膚科,神經科,精神科,復健科,整形外科,職業醫學科,急診醫學科,牙科,中醫一般科,麻醉科,核子醫學科,放射腫瘤科,放射診斷科,解剖病理科",20280229,星期一上午看診、星期二上午看診、星期三上午看診、星期四上午看診、星期五上午看診、星期六上午看診、星期日上午休診、星期一下午看診、星期二下午看診、星期三下午看診、星期四下午看診、星期五下午看診、星期六下午休診、星期日下午休診、星期一晚上看診、星期二晚上看診、星期三晚上看診、星期四晚上看診、星期五晚上看診、星期六晚上休診、星期日晚上休診,全年全天24小時提供急診服務,65000,19950301
0131230012,衛生福利部八里療養院,精神科醫院,(02)26101660,新北市八里區華富山３３號、土城區青雲路６號１、２樓、蘆洲區,臺北業務組,2,"急診業務,門診診療,住院診療,精神病患者居家照護,精神科日間住院治療",精神科,20280229,星期一上午看診、星期二上午看診、星期三上午看診、星期四上午看診、星期五上午看診、星期六上午休診、星期日上午休診、星期一下午看診、星期二下午看診、星期三下午看診、星期四下午看診、星期五下午休診、星期六下午休診、星期日下午休診、星期一晚上休診、星期二晚上休診、星期三晚上休診、星期四晚上休診、星期五晚上休診、星期六晚上休診、星期日晚上休診,本院三地（八里、土城、蘆洲）看診時間不一致，請詳閱門診表,65000,19950301
0132010014,衛生福利部桃園醫院,綜合醫院,(03)3699721,桃園市桃園區中山路１４９２號,北區業務組,2,"復健－物理治療業務,復健－職能治療業務,住院安寧療護,安寧居家療護(甲類),復健－聽力檢查業務,復健－語言治療業務,急診業務,門診診療,住院診療,血液透析,分娩,胸部低劑量電腦斷層檢查,腹膜透析業務","不分科,家醫科,內科,外科,兒科,婦產科,骨科,神經外科,泌尿科,耳鼻喉科,眼科,皮膚科,神經科,精神科,復健科,整形外科,職業醫學科,急診醫學科,牙科,兒童牙科,口腔顎面外科,家庭牙醫科,特殊需求者口腔醫學科,中醫一般科,麻醉科,核子醫學科,放射腫瘤科,放射診斷科,解剖病理科,臨床病理科",20280229,星期一上午看診、星期二上午看診、星期三上午看診、星期四上午看診、星期五上午看診、星期六上午看診、星期日上午休診、星期一下午看診、星期二下午看診、星期三下午看診、星期四下午看診、星期五下午看診、星期六下午休診、星期日下午休診、星期一晚上看診、星期二晚上看診、星期三晚上看診、星期四晚上看診、星期五晚上看診、星期六晚上休診、星期日晚上休診,上午8:30-12:00 下午14:00-17:00 晚上18:00-20:30,68000,19950301
0132010023,衛生福利部桃園療養院,精神科醫院,(03)3698553,桃園市桃園區龍壽街７１號,北區業務組,2,"復健－物理治療業務,急診業務,門診診療,住院診療,精神病患者居家照護,精神科日間住院治療","家醫科,神經科,精神科",20280229,星期一上午看診、星期二上午看診、星期三上午看診、星期四上午看診、星期五上午看診、星期六上午看診、星期日上午休診、星期一下午看診、星期二下午看診、星期三下午看診、星期四下午看診、星期五下午看診、星期六下午休診、星期日下午休診、星期一晚上休診、星期二晚上看診、星期三晚上休診、星期四晚上休診、星期五晚上休診、星期六晚上休診、星期日晚上休診,急診24小時,68000,19950301
0135010016,衛生福利部苗栗醫院,綜合醫院,(037)261920,苗栗縣苗栗市為公路７４７號,北區業務組,2,"復健－物理治療業務,復健－職能治療業務,住院安寧療護,復健－語言治療業務,急診業務,門診診療,婦女人類乳突病毒檢測服務,住院診療,血液透析,分娩,精神病患者居家照護,胸部低劑量電腦斷層檢查,腹膜透析業務","家醫科,內科,外科,兒科,婦產科,骨科,神經外科,泌尿科,眼科,神經科,精神科,復健科,職業醫學科,急診醫學科,牙科,中醫一般科,麻醉科,放射診斷科,解剖病理科",20280229,星期一上午看診、星期二上午看診、星期三上午看診、星期四上午看診、星期五上午看診、星期六上午看診、星期日上午休診、星期一下午看診、星期二下午看診、星期三下午看診、星期四下午看診、星期五下午看診、星期六下午休診、星期日下午休診、星期一晚上看診、星期二晚上看診、星期三晚上看診、星期四晚上看診、星期五晚上休診、星期六晚上休診、星期日晚上休診,急診24小時皆有服務。國定假日上午正常門診（以實際開診為準）,10005,19950301
0136010010,衛生福利部豐原醫院,綜合醫院,(04)25271180,臺中市豐原區安康路１００號,中區業務組,2,"復健－物理治療業務,復健－職能治療業務,住院安寧療護,復健－語言治療業務,急診業務,門診診療,婦女人類乳突病毒檢測服務,住院診療,血液透析,分娩,精神病患者居家照護,胸部低劑量電腦斷層檢查,精神科日間住院治療,腹膜透析業務","不分科,家醫科,內科,外科,兒科,婦產科,骨科,神經外科,泌尿科,耳鼻喉科,眼科,皮膚科,神經科,精神科,復健科,急診醫學科,牙科,中醫一般科,麻醉科,核子醫學科,放射腫瘤科,放射診斷科,解剖病理科",20280229,星期一上午看診、星期二上午看診、星期三上午看診、星期四上午看診、星期五上午看診、星期六上午看診、星期日上午看診、星期一下午看診、星期二下午看診、星期三下午看診、星期四下午看診、星期五下午看診、星期六下午看診、星期日下午看診、星期一晚上看診、星期二晚上看診、星期三晚上看診、星期四晚上看診、星期五晚上看診、星期六晚上看診、星期日晚上看診,提供急診服務,66000,19950301
0137170515,衛生福利部彰化醫院,醫院,(04)8298686,彰化縣埔心鄉中正路二段８０號,中區業務組,2,"復健－物理治療業務,復健－職能治療業務,住院安寧療護,安寧居家療護(甲類),復健－語言治療業務,急診業務,門診診療,住院診療,血液透析,分娩,精神病患者居家照護,義肢業務,胸部低劑量電腦斷層檢查,精神科日間住院治療,腹膜透析業務","家醫科,內科,外科,兒科,婦產科,骨科,神經外科,泌尿科,耳鼻喉科,皮膚科,神經科,精神科,復健科,急診醫學科,牙科,中醫一般科,麻醉科,放射腫瘤科,放射診斷科,解剖病理科",20280229,星期一上午看診、星期二上午看診、星期三上午看診、星期四上午看診、星期五上午看診、星期六上午看診、星期日上午休診、星期一下午看診、星期二下午看診、星期三下午看診、星期四下午看診、星期五下午看診、星期六下午休診、星期日下午休診、星期一晚上看診、星期二晚上看診、星期三晚上看診、星期四晚上看診、星期五晚上看診、星期六晚上休診、星期日晚上休診,星期一到星期天提供24小時急診服務,10007,20020301
0138010027,衛生福利部南投醫院,綜合醫院,(049)2231150,南投縣南投市康壽里復興路４７８號,中區業務組,2,"復健－物理治療業務,復健－職能治療業務,住院安寧療護,安寧居家療護(甲類),復健－語言治療業務,急診業務,門診診療,住院診療,血液透析,分娩,精神病患者居家照護,胸部低劑量電腦斷層檢查,腹膜透析業務","家醫科,內科,外科,兒科,婦產科,骨科,泌尿科,眼科,皮膚科,神經科,精神科,復健科,整形外科,急診醫學科,牙科,中醫一般科,麻醉科,放射線科,病理科,核子醫學科,臨床病理科",20280229,星期一上午看診、星期二上午看診、星期三上午看診、星期四上午看診、星期五上午看診、星期六上午看診、星期日上午休診、星期一下午看診、星期二下午看診、星期三下午看診、星期四下午看診、星期五下午看診、星期六下午休診、星期日下午休診、星期一晚上看診、星期二晚上看診、星期三晚上看診、星期四晚上看診、星期五晚上看診、星期六晚上休診、星期日晚上休診,本院全年提供24小時急診服務！（無特別門診）,10008,19950301
0138030010,衛生福利部草屯療養院,精神科醫院,(049)2550800,南投縣草屯鎮玉屏路１６１號,中區業務組,2,"急診業務,門診診療,住院診療,精神病患者居家照護,精神科日間住院治療","內科,精神科",20280229,星期一上午看診、星期二上午看診、星期三上午看診、星期四上午看診、星期五上午看診、星期六上午看診、星期日上午休診、星期一下午看診、星期二下午看診、星期三下午看診、星期四下午看診、星期五下午看診、星期六下午休診、星期日下午休診、星期一晚上休診、星期二晚上休診、星期三晚上看診、星期四晚上休診、星期五晚上休診、星期六晚上休診、星期日晚上休診,急診為24小時看診,10008,19950301
0141270028,衛生福利部嘉南療養院,精神科醫院,(06)2795019,臺南市仁德區裕忠路５３９號,南區業務組,2,"復健－物理治療業務,急診業務,門診診療,住院診療,精神病患者居家照護,精神科日間住院治療","神經科,精神科,中醫一般科",20251214,星期一上午看診、星期二上午看診、星期三上午看診、星期四上午看診、星期五上午看診、星期六上午看診、星期日上午休診、星期一下午看診、星期二下午看診、星期三下午看診、星期四下午看診、星期五下午看診、星期六下午休診、星期日下午休診、星期一晚上休診、星期二晚上休診、星期三晚上休診、星期四晚上休診、星期五晚上休診、星期六晚上休診、星期日晚上休診,10／4.5.6.10.11.12.24.25.26急診24小時，10／4.6.10.11.24.25門診上午半天,10021,19981215
0143010011,衛生福利部屏東醫院,綜合醫院,(08)7363011,屏東縣屏東市自由路２７０號,高屏業務組,2,"復健－物理治療業務,復健－職能治療業務,住院安寧療護,復健－語言治療業務,急診業務,門診診療,婦女人類乳突病毒檢測服務,住院診療,血液透析,分娩,精神病患者居家照護,義肢業務,胸部低劑量電腦斷層檢查,精神科日間住院治療","家醫科,內科,外科,兒科,婦產科,骨科,神經外科,泌尿科,耳鼻喉科,皮膚科,神經科,精神科,復健科,整形外科,職業醫學科,急診醫學科,牙科,中醫一般科,麻醉科,放射腫瘤科,放射診斷科,解剖病理科",20280229,星期一上午看診、星期二上午看診、星期三上午看診、星期四上午看診、星期五上午看診、星期六上午看診、星期日上午休診、星期一下午看診、星期二下午看診、星期三下午看診、星期四下午看診、星期五下午看診、星期六下午休診、星期日下午休診、星期一晚上看診、星期二晚上看診、星期三晚上看診、星期四晚上看診、星期五晚上看診、星期六晚上休診、星期日晚上休診,黃昏診掛號時間下午5點開始,10013,19950301
0401020013,國立臺灣大學醫學院附設醫院癌醫中心分院,醫院,(02)23220322,臺北市大安區基隆路３段１５５巷５７號,臺北業務組,2,"復健－物理治療業務,復健－職能治療業務,復健－語言治療業務,急診業務,門診診療,婦女人類乳突病毒檢測服務,住院診療,血液透析,胸部低劑量電腦斷層檢查,腹膜透析業務","內科,外科,婦產科,骨科,泌尿科,耳鼻喉科,眼科,皮膚科,神經科,精神科,復健科,急診醫學科,口腔顎面外科,家庭牙醫科,麻醉科,核子醫學科,放射腫瘤科,放射診斷科,解剖病理科,臨床病理科",20271202,星期一上午看診、星期二上午看診、星期三上午看診、星期四上午看診、星期五上午看診、星期六上午休診、星期日上午休診、星期一下午看診、星期二下午看診、星期三下午看診、星期四下午看診、星期五下午看診、星期六下午休診、星期日下午休診、星期一晚上看診、星期二晚上看診、星期三晚上看診、星期四晚上看診、星期五晚上休診、星期六晚上休診、星期日晚上休診,-,63000,20181203
0433050018,國立臺灣大學醫學院附設醫院新竹臺大分院生醫醫院,綜合醫院,(03)6677600,新竹縣竹北市生醫路一段２號,北區業務組,2,"安寧居家療護(乙類),復健－物理治療業務,復健－職能治療業務,復健－語言治療業務,急診業務,門診診療,住院診療,血液透析,分娩,精神病患者居家照護,胸部低劑量電腦斷層檢查","家醫科,內科,外科,兒科,婦產科,骨科,泌尿科,耳鼻喉科,眼科,皮膚科,神經科,精神科,復健科,急診醫學科,牙科,麻醉科,核子醫學科,放射腫瘤科,放射診斷科,解剖病理科",20251117,星期一上午看診、星期二上午看診、星期三上午看診、星期四上午看診、星期五上午看診、星期六上午休診、星期日上午休診、星期一下午看診、星期二下午看診、星期三下午看診、星期四下午看診、星期五下午看診、星期六下午休診、星期日下午休診、星期一晚上休診、星期二晚上休診、星期三晚上休診、星期四晚上休診、星期五晚上休診、星期六晚上休診、星期日晚上休診,提供24小時急診服務,10004,20191118
0434010518,國立陽明交通大學附設醫院,綜合醫院,(03)9325192,宜蘭縣宜蘭市校舍路１６９號、新民路１５２號,臺北業務組,2,"復健－物理治療業務,復健－職能治療業務,住院安寧療護,安寧居家療護(甲類),復健－語言治療業務,急診業務,門診診療,婦女人類乳突病毒檢測服務,住院診療,血液透析,分娩,精神病患者居家照護,胸部低劑量電腦斷層檢查,精神科日間住院治療,腹膜透析業務,結核病","不分科,家醫科,內科,外科,兒科,婦產科,骨科,神經外科,泌尿科,耳鼻喉科,眼科,神經科,精神科,復健科,整形外科,職業醫學科,急診醫學科,牙科,口腔顎面外科,特殊需求者口腔醫學科,中醫一般科,麻醉科,核子醫學科,放射腫瘤科,放射診斷科,解剖病理科",20271231,星期一上午看診、星期二上午看診、星期三上午看診、星期四上午看診、星期五上午看診、星期六上午看診、星期日上午休診、星期一下午看診、星期二下午看診、星期三下午看診、星期四下午看診、星期五下午看診、星期六下午休診、星期日下午休診、星期一晚上看診、星期二晚上看診、星期三晚上看診、星期四晚上看診、星期五晚上看診、星期六晚上休診、星期日晚上休診,-,10002,20080101
0439010518,國立臺灣大學醫學院附設醫院雲林分院,綜合醫院,(05)5323911,雲林縣斗六市雲林路二段５７９號,南區業務組,2,"復健－物理治療業務,復健－職能治療業務,住院安寧療護,安寧居家療護(甲類),復健－語言治療業務,急診業務,門診診療,婦女人類乳突病毒檢測服務,住院診療,血液透析,分娩,精神病患者居家照護,胸部低劑量電腦斷層檢查,精神科日間住院治療,腹膜透析業務","不分科,家醫科,內科,外科,兒科,婦產科,骨科,神經外科,泌尿科,耳鼻喉科,眼科,皮膚科,神經科,精神科,復健科,整形外科,職業醫學科,急診醫學科,牙科,贋復補綴牙科,口腔顎面外科,家庭牙醫科,麻醉科,放射線科,病理科,核子醫學科,放射腫瘤科,放射診斷科,解剖病理科,臨床病理科",20280331,星期一上午看診、星期二上午看診、星期三上午看診、星期四上午看診、星期五上午看診、星期六上午休診、星期日上午休診、星期一下午看診、星期二下午看診、星期三下午看診、星期四下午看診、星期五下午看診、星期六下午休診、星期日下午休診、星期一晚上看診、星期二晚上看診、星期三晚上看診、星期四晚上看診、星期五晚上休診、星期六晚上休診、星期日晚上休診,-,10009,20040401
0501010019,三軍總醫院松山分院附設民眾診療服務處,綜合醫院,(02)27642151,臺北市松山區健康路１３１號,臺北業務組,2,"復健－物理治療業務,復健－職能治療業務,復健－語言治療業務,急診業務,門診診療,住院診療,血液透析,分娩,精神病患者居家照護,胸部低劑量電腦斷層檢查","家醫科,內科,外科,兒科,婦產科,骨科,神經外科,泌尿科,耳鼻喉科,眼科,皮膚科,神經科,精神科,復健科,急診醫學科,牙科,麻醉科,放射線科,病理科,解剖病理科",20280229,星期一上午看診、星期二上午看診、星期三上午看診、星期四上午看診、星期五上午看診、星期六上午看診、星期日上午休診、星期一下午看診、星期二下午看診、星期三下午看診、星期四下午看診、星期五下午看診、星期六下午休診、星期日下午休診、星期一晚上看診、星期二晚上休診、星期三晚上休診、星期四晚上看診、星期五晚上休診、星期六晚上休診、星期日晚上休診,-,63000,19950301
0501160014,三軍總醫院北投分院附設民眾診療服務處,醫院,(02)28959808,臺北市北投區新民路６０號、中和街２５０號１至４樓,臺北業務組,2,"急診業務,門診診療,住院診療,精神病患者居家照護,精神科日間住院治療","不分科,家醫科,內科,外科,神經科,精神科,牙科",20280229,星期一上午看診、星期二上午看診、星期三上午看診、星期四上午看診、星期五上午看診、星期六上午看診、星期日上午休診、星期一下午看診、星期二下午看診、星期三下午看診、星期四下午看診、星期五下午看診、星期六下午休診、星期日下午休診、星期一晚上看診、星期二晚上看診、星期三晚上看診、星期四晚上看診、星期五晚上看診、星期六晚上休診、星期日晚上休診,提供急診服務,63000,19950301
0502030015,國軍左營總醫院附設民眾診療服務處,綜合醫院,(07)5817121,高雄市左營區合群里軍校路５５３號,高屏業務組,2,"復健－物理治療業務,復健－職能治療業務,急診業務,門診診療,婦女人類乳突病毒檢測服務,住院診療,血液透析,分娩,精神病患者居家照護,義肢業務,胸部低劑量電腦斷層檢查,精神科日間住院治療,腹膜透析業務","家醫科,內科,外科,兒科,婦產科,骨科,神經外科,泌尿科,耳鼻喉科,眼科,皮膚科,神經科,精神科,復健科,整形外科,職業醫學科,急診醫學科,牙科,中醫一般科,麻醉科,核子醫學科,放射腫瘤科,放射診斷科,解剖病理科",20280229,星期一上午看診、星期二上午看診、星期三上午看診、星期四上午看診、星期五上午看診、星期六上午看診、星期日上午休診、星期一下午看診、星期二下午看診、星期三下午看診、星期四下午看診、星期五下午看診、星期六下午休診、星期日下午休診、星期一晚上看診、星期二晚上看診、星期三晚上看診、星期四晚上看診、星期五晚上看診、星期六晚上休診、星期日晚上休診,-,64000,19950301
0502080015,國軍高雄總醫院附設民眾診療服務處,綜合醫院,(07)7496751,高雄市苓雅區建軍路５號,高屏業務組,2,"復健－物理治療業務,復健－職能治療業務,復健－語言治療業務,急診業務,門診診療,住院診療,血液透析,分娩,精神病患者居家照護,義肢業務,胸部低劑量電腦斷層檢查,精神科日間住院治療,腹膜透析業務","家醫科,內科,外科,兒科,婦產科,骨科,神經外科,泌尿科,耳鼻喉科,眼科,皮膚科,神經科,精神科,復健科,整形外科,急診醫學科,牙科,牙周病科,齒顎矯正科,兒童牙科,口腔顎面外科,家庭牙醫科,中醫一般科,麻醉科,核子醫學科,放射腫瘤科,放射診斷科,解剖病理科,臨床病理科",20280229,星期一上午看診、星期二上午看診、星期三上午看診、星期四上午看診、星期五上午看診、星期六上午看診、星期日上午休診、星期一下午看診、星期二下午看診、星期三下午看診、星期四下午看診、星期五下午看診、星期六下午休診、星期日下午休診、星期一晚上看診、星期二晚上看診、星期三晚上看診、星期四晚上看診、星期五晚上看診、星期六晚上休診、星期日晚上休診,急診全年無休,64000,19950301
0532090029,國軍桃園總醫院附設民眾診療服務處,醫院,(03)4799595,桃園市龍潭區中興里中興路１６８號,北區業務組,2,"復健－物理治療業務,復健－職能治療業務,復健－聽力語言治療業務,急診業務,門診診療,婦女人類乳突病毒檢測服務,住院診療,血液透析,分娩,精神病患者居家照護,胸部低劑量電腦斷層檢查,精神科日間住院治療,腹膜透析業務","家醫科,內科,外科,兒科,婦產科,骨科,神經外科,泌尿科,耳鼻喉科,眼科,皮膚科,神經科,精神科,復健科,整形外科,職業醫學科,急診醫學科,牙科,家庭牙醫科,中醫一般科,麻醉科,放射線科,病理科,核子醫學科,放射腫瘤科,放射診斷科,臨床病理科",20280204,星期一上午看診、星期二上午看診、星期三上午看診、星期四上午看診、星期五上午看診、星期六上午看診、星期日上午休診、星期一下午看診、星期二下午看診、星期三下午看診、星期四下午看診、星期五下午看診、星期六下午休診、星期日下午休診、星期一晚上休診、星期二晚上休診、星期三晚上看診、星期四晚上休診、星期五晚上休診、星期六晚上休診、星期日晚上休診,-,68000,19960205
0536190011,國軍臺中總醫院附設民眾診療服務處,綜合醫院,(04)23934191,臺中市太平區中山路２段３４８號,中區業務組,2,"復健－物理治療業務,復健－職能治療業務,復健－語言治療業務,急診業務,門診診療,婦女人類乳突病毒檢測服務,住院診療,血液透析,分娩,精神病患者居家照護,胸部低劑量電腦斷層檢查,腹膜透析業務","家醫科,內科,外科,兒科,婦產科,骨科,神經外科,泌尿科,耳鼻喉科,眼科,神經科,精神科,復健科,整形外科,急診醫學科,牙科,家庭牙醫科,中醫一般科,麻醉科,核子醫學科,放射腫瘤科,放射診斷科,解剖病理科",20280229,星期一上午看診、星期二上午看診、星期三上午看診、星期四上午看診、星期五上午看診、星期六上午看診、星期日上午休診、星期一下午看診、星期二下午看診、星期三下午看診、星期四下午看診、星期五下午看診、星期六下午休診、星期日下午休診、星期一晚上看診、星期二晚上看診、星期三晚上看診、星期四晚上看診、星期五晚上看診、星期六晚上休診、星期日晚上休診,每日24小時提供急診服務。,66000,19950301
0545040515,國軍花蓮總醫院附設民眾診療服務處,綜合醫院,(03)8263151,花蓮縣新城鄉嘉里路１６３號,東區業務組,2,"復健－物理治療業務,復健－職能治療業務,復健－語言治療業務,急診業務,門診診療,婦女人類乳突病毒檢測服務,住院診療,血液透析,分娩,精神病患者居家照護,胸部低劑量電腦斷層檢查,精神科日間住院治療,腹膜透析業務","家醫科,內科,外科,兒科,婦產科,骨科,神經外科,泌尿科,耳鼻喉科,神經科,精神科,復健科,整形外科,急診醫學科,牙科,中醫一般科,麻醉科,放射線科,核子醫學科,解剖病理科",20280930,星期一上午看診、星期二上午看診、星期三上午看診、星期四上午看診、星期五上午看診、星期六上午看診、星期日上午休診、星期一下午看診、星期二下午看診、星期三下午看診、星期四下午看診、星期五下午看診、星期六下午休診、星期日下午休診、星期一晚上看診、星期二晚上看診、星期三晚上看診、星期四晚上看診、星期五晚上休診、星期六晚上休診、星期日晚上休診,本院提供急診24小時醫療服務。,10015,20061001
0622020017,臺中榮民總醫院嘉義分院,綜合醫院,(05)2359630,嘉義市西區劉厝里世賢路２段６００號,南區業務組,2,"復健－物理治療業務,復健－職能治療業務,住院安寧療護,安寧居家療護(甲類),復健－語言治療業務,急診業務,門診診療,婦女人類乳突病毒檢測服務,住院診療,血液透析,分娩,精神病患者居家照護,胸部低劑量電腦斷層檢查,精神科日間住院治療,腹膜透析業務","家醫科,內科,外科,婦產科,骨科,神經外科,泌尿科,耳鼻喉科,眼科,神經科,精神科,復健科,整形外科,職業醫學科,急診醫學科,牙科,中醫一般科,麻醉科,核子醫學科,放射腫瘤科,放射診斷科",20280229,星期一上午看診、星期二上午看診、星期三上午看診、星期四上午看診、星期五上午看診、星期六上午看診、星期日上午休診、星期一下午看診、星期二下午看診、星期三下午看診、星期四下午看診、星期五下午看診、星期六下午休診、星期日下午休診、星期一晚上休診、星期二晚上休診、星期三晚上休診、星期四晚上休診、星期五晚上休診、星期六晚上休診、星期日晚上休診,急診全年度24小時服務,10020,19950301
0632010014,臺北榮民總醫院桃園分院,綜合醫院,(03)3384889,桃園市桃園區成功路三段１００號,北區業務組,2,"復健－物理治療業務,復健－職能治療業務,住院安寧療護,安寧居家療護(甲類),復健－語言治療業務,急診業務,門診診療,婦女人類乳突病毒檢測服務,住院診療,血液透析,分娩,精神病患者居家照護,胸部低劑量電腦斷層檢查,精神科日間住院治療,腹膜透析業務","家醫科,內科,外科,兒科,婦產科,骨科,泌尿科,眼科,皮膚科,神經科,精神科,復健科,急診醫學科,牙科,中醫一般科,麻醉科,放射診斷科,解剖病理科,臨床病理科",20280229,星期一上午看診、星期二上午看診、星期三上午看診、星期四上午看診、星期五上午看診、星期六上午休診、星期日上午休診、星期一下午看診、星期二下午看診、星期三下午看診、星期四下午看診、星期五下午看診、星期六下午休診、星期日下午休診、星期一晚上看診、星期二晚上看診、星期三晚上看診、星期四晚上看診、星期五晚上看診、星期六晚上休診、星期日晚上休診,本院提供24小時急診服務。,68000,19950301
0902080013,阮綜合醫療社團法人阮綜合醫院,綜合醫院,(07)3351121,高雄市苓雅區成功一路１６２號，１５６號,高屏業務組,2,"復健－物理治療業務,復健－職能治療業務,復健－語言治療業務,急診業務,門診診療,住院診療,血液透析,分娩,義肢業務,胸部低劑量電腦斷層檢查,腹膜透析業務","家醫科,內科,外科,兒科,婦產科,骨科,神經外科,泌尿科,耳鼻喉科,眼科,皮膚科,神經科,精神科,復健科,整形外科,職業醫學科,急診醫學科,牙科,口腔顎面外科,麻醉科,核子醫學科,放射腫瘤科,放射診斷科,解剖病理科",20280831,星期一上午看診、星期二上午看診、星期三上午看診、星期四上午看診、星期五上午看診、星期六上午看診、星期日上午休診、星期一下午看診、星期二下午看診、星期三下午看診、星期四下午看診、星期五下午看診、星期六下午休診、星期日下午休診、星期一晚上看診、星期二晚上看診、星期三晚上看診、星期四晚上看診、星期五晚上看診、星期六晚上休診、星期日晚上休診,急救責任醫院，急診服務時段為24小時（全年）,64000,20070901
0905320023,台南市立醫院(委託秀傳醫療社團法人經營),綜合醫院,(06)2609926,臺南市東區崇德路６７０號,南區業務組,2,"復健－物理治療業務,復健－職能治療業務,安寧居家療護(甲類),復健－語言治療業務,急診業務,門診診療,婦女人類乳突病毒檢測服務,住院診療,血液透析,分娩,精神病患者居家照護,胸部低劑量電腦斷層檢查,精神科日間住院治療,腹膜透析業務","家醫科,內科,外科,兒科,婦產科,骨科,神經外科,泌尿科,耳鼻喉科,眼科,皮膚科,神經科,精神科,復健科,整形外科,職業醫學科,急診醫學科,牙科,牙體復形科,牙髓病科,家庭牙醫科,中醫一般科,麻醉科,放射診斷科,解剖病理科",20260731,星期一上午看診、星期二上午看診、星期三上午看診、星期四上午看診、星期五上午看診、星期六上午看診、星期日上午休診、星期一下午看診、星期二下午看診、星期三下午看診、星期四下午看診、星期五下午看診、星期六下午休診、星期日下午休診、星期一晚上看診、星期二晚上看診、星期三晚上看診、星期四晚上看診、星期五晚上休診、星期六晚上休診、星期日晚上休診,本院24小時急診服務,10021,20170801
0917070029,林新醫療社團法人林新醫院,綜合醫院,(04)22586688,臺中市南屯區惠中路３段３６號,中區業務組,2,"復健－物理治療業務,復健－職能治療業務,復健－語言治療業務,急診業務,門診診療,婦女人類乳突病毒檢測服務,住院診療,血液透析,分娩,胸部低劑量電腦斷層檢查,腹膜透析業務","家醫科,內科,外科,兒科,婦產科,骨科,神經外科,泌尿科,耳鼻喉科,眼科,神經科,精神科,復健科,整形外科,急診醫學科,牙科,麻醉科,病理科,核子醫學科,放射腫瘤科,放射診斷科",20260630,星期一上午看診、星期二上午看診、星期三上午看診、星期四上午看診、星期五上午看診、星期六上午看診、星期日上午休診、星期一下午看診、星期二下午看診、星期三下午看診、星期四下午看診、星期五下午看診、星期六下午休診、星期日下午休診、星期一晚上看診、星期二晚上看診、星期三晚上看診、星期四晚上看診、星期五晚上看診、星期六晚上休診、星期日晚上休診,國定假日全天及週六上午均有門診。急診24小時由主治醫師全天候為您服務,66000,20090701
0932020025,天成醫療社團法人天晟醫院,醫院,(03)4629292,桃園市中壢區延平路155號,北區業務組,2,"復健－物理治療業務,復健－職能治療業務,復健－語言治療業務,急診業務,門診診療,住院診療,血液透析,胸部低劑量電腦斷層檢查,腹膜透析業務","家醫科,內科,外科,兒科,婦產科,骨科,神經外科,泌尿科,耳鼻喉科,眼科,皮膚科,神經科,精神科,復健科,職業醫學科,急診醫學科,牙科,麻醉科,放射線科,病理科",20260627,星期一上午看診、星期二上午看診、星期三上午看診、星期四上午看診、星期五上午看診、星期六上午看診、星期日上午休診、星期一下午看診、星期二下午看診、星期三下午看診、星期四下午看診、星期五下午看診、星期六下午休診、星期日下午休診、星期一晚上看診、星期二晚上看診、星期三晚上看診、星期四晚上看診、星期五晚上看診、星期六晚上休診、星期日晚上休診,急診24小時服務；如國定連假開診服務，請參考本院網頁或來電諮詢,68000,20110628
0933050018,東元醫療社團法人東元綜合醫院,綜合醫院,(03)5527000,新竹縣竹北市縣政二路６９號,北區業務組,2,"安寧居家療護(乙類),復健－物理治療業務,復健－職能治療業務,復健－聽力語言治療業務,安寧居家療護(甲類),復健－聽力檢查業務,復健－語言治療業務,急診業務,門診診療,婦女人類乳突病毒檢測服務,住院診療,血液透析,居家照護,分娩,精神病患者居家照護,胸部低劑量電腦斷層檢查,精神科日間住院治療,腹膜透析業務","家醫科,內科,外科,兒科,婦產科,骨科,神經外科,泌尿科,耳鼻喉科,神經科,精神科,復健科,職業醫學科,急診醫學科,牙科,口腔顎面外科,麻醉科,放射診斷科,臨床病理科",20271231,星期一上午看診、星期二上午看診、星期三上午看診、星期四上午看診、星期五上午看診、星期六上午看診、星期日上午休診、星期一下午看診、星期二下午看診、星期三下午看診、星期四下午看診、星期五下午看診、星期六下午休診、星期日下午休診、星期一晚上看診、星期二晚上看診、星期三晚上看診、星期四晚上看診、星期五晚上看診、星期六晚上休診、星期日晚上休診,-,10004,20190101
0936030018,李綜合醫療社團法人大甲李綜合醫院,綜合醫院,(04)26862288,臺中市大甲區八德街２號,中區業務組,2,"安寧居家療護(乙類),復健－物理治療業務,復健－職能治療業務,復健－語言治療業務,急診業務,門診診療,住院診療,血液透析,分娩,胸部低劑量電腦斷層檢查","家醫科,內科,外科,兒科,婦產科,骨科,神經外科,泌尿科,神經科,精神科,復健科,急診醫學科,麻醉科,放射診斷科,解剖病理科",20261231,星期一上午看診、星期二上午看診、星期三上午看診、星期四上午看診、星期五上午看診、星期六上午看診、星期日上午看診、星期一下午看診、星期二下午看診、星期三下午看診、星期四下午看診、星期五下午看診、星期六下午看診、星期日下午看診、星期一晚上看診、星期二晚上看診、星期三晚上看診、星期四晚上看診、星期五晚上看診、星期六晚上看診、星期日晚上看診,星期一至星期日提供24小時急診服務,66000,20080101
0936050029,光田醫療社團法人光田綜合醫院,綜合醫院,(04)26625111,臺中市沙鹿區沙田路１１７號、向上路七段１２７號及１２５號,中區業務組,2,"復健－物理治療業務,復健－職能治療業務,住院安寧療護,安寧居家療護(甲類),復健－聽力檢查業務,復健－語言治療業務,急診業務,門診診療,婦女人類乳突病毒檢測服務,住院診療,血液透析,分娩,精神病患者居家照護,義肢業務,胸部低劑量電腦斷層檢查,精神科日間住院治療,腹膜透析業務","不分科,家醫科,內科,外科,兒科,婦產科,骨科,神經外科,泌尿科,耳鼻喉科,眼科,皮膚科,神經科,精神科,復健科,整形外科,急診醫學科,牙科,口腔病理科,中醫一般科,麻醉科,放射線科,病理科,核子醫學科",20270109,星期一上午看診、星期二上午看診、星期三上午看診、星期四上午看診、星期五上午看診、星期六上午看診、星期日上午休診、星期一下午看診、星期二下午看診、星期三下午看診、星期四下午看診、星期五下午看診、星期六下午休診、星期日下午休診、星期一晚上看診、星期二晚上看診、星期三晚上看診、星期四晚上看診、星期五晚上看診、星期六晚上休診、星期日晚上休診,-,66000,20080110
0936060016,童綜合醫療社團法人童綜合醫院,綜合醫院,(04)26581919,臺中市梧棲區臺灣大道八段６９９號,中區業務組,2,"復健－物理治療業務,復健－職能治療業務,住院安寧療護,安寧居家療護(甲類),復健－語言治療業務,急診業務,門診診療,婦女人類乳突病毒檢測服務,住院診療,血液透析,分娩,精神病患者居家照護,胸部低劑量電腦斷層檢查,腹膜透析業務","不分科,家醫科,內科,外科,兒科,婦產科,骨科,神經外科,泌尿科,耳鼻喉科,眼科,皮膚科,神經科,精神科,復健科,整形外科,職業醫學科,急診醫學科,牙科,贋復補綴牙科,齒顎矯正科,兒童牙科,口腔顎面外科,口腔病理科,家庭牙醫科,中醫一般科,麻醉科,核子醫學科,放射腫瘤科,放射診斷科,解剖病理科",20280630,星期一上午看診、星期二上午看診、星期三上午看診、星期四上午看診、星期五上午看診、星期六上午看診、星期日上午休診、星期一下午看診、星期二下午看診、星期三下午看診、星期四下午看診、星期五下午看診、星期六下午休診、星期日下午休診、星期一晚上看診、星期二晚上看診、星期三晚上看診、星期四晚上看診、星期五晚上看診、星期六晚上休診、星期日晚上休診,10／6中秋節、10／25光復節休診，急診及洗腎維持服務。,66000,20070701
0937010019,秀傳醫療社團法人秀傳紀念醫院,綜合醫院,(04)7256166,彰化縣彰化市南瑤里中山路１段５４２號,中區業務組,2,"復健－物理治療業務,復健－職能治療業務,復健－聽力檢查業務,復健－語言治療業務,急診業務,門診診療,婦女人類乳突病毒檢測服務,住院診療,血液透析,居家照護,分娩,精神病患者居家照護,胸部低劑量電腦斷層檢查,腹膜透析業務","不分科,家醫科,內科,外科,兒科,婦產科,骨科,神經外科,泌尿科,耳鼻喉科,眼科,皮膚科,神經科,精神科,復健科,整形外科,職業醫學科,急診醫學科,牙科,牙髓病科,牙周病科,齒顎矯正科,兒童牙科,口腔顎面外科,家庭牙醫科,中醫一般科,麻醉科,核子醫學科,放射腫瘤科,放射診斷科,解剖病理科,臨床病理科",20251231,星期一上午看診、星期二上午看診、星期三上午看診、星期四上午看診、星期五上午看診、星期六上午看診、星期日上午看診、星期一下午看診、星期二下午看診、星期三下午看診、星期四下午看診、星期五下午看診、星期六下午看診、星期日下午休診、星期一晚上看診、星期二晚上看診、星期三晚上看診、星期四晚上看診、星期五晚上看診、星期六晚上休診、星期日晚上休診,週日部份開診，提供24小時急診服務，春節門診初一部份開診，初二至初四上午部份開診,10007,20090101
0943010017,寶建醫療社團法人寶建醫院,綜合醫院,(08)7665995,屏東縣屏東市中山路１１９.１２３號.,高屏業務組,2,"復健－物理治療業務,復健－職能治療業務,復健－語言治療業務,急診業務,門診診療,婦女人類乳突病毒檢測服務,住院診療,血液透析,分娩,義肢業務,胸部低劑量電腦斷層檢查,精神科日間住院治療,腹膜透析業務","家醫科,內科,外科,兒科,婦產科,骨科,神經外科,泌尿科,耳鼻喉科,眼科,皮膚科,神經科,精神科,復健科,整形外科,急診醫學科,牙科,麻醉科,放射腫瘤科,放射診斷科,解剖病理科",20281031,星期一上午看診、星期二上午看診、星期三上午看診、星期四上午看診、星期五上午看診、星期六上午看診、星期日上午休診、星期一下午看診、星期二下午看診、星期三下午看診、星期四下午看診、星期五下午看診、星期六下午休診、星期日下午休診、星期一晚上看診、星期二晚上看診、星期三晚上看診、星期四晚上看診、星期五晚上看診、星期六晚上休診、星期日晚上休診,-,10013,20071101
1101010021,基督復臨安息日會醫療財團法人臺安醫院,綜合醫院,(02)27718151,臺北市松山區八德路２段４２４、４２６號,臺北業務組,2,"復健－物理治療業務,復健－職能治療業務,安寧居家療護(甲類),復健－語言治療業務,急診業務,門診診療,婦女人類乳突病毒檢測服務,住院診療,血液透析,分娩,胸部低劑量電腦斷層檢查,腹膜透析業務,結核病","家醫科,內科,外科,兒科,婦產科,骨科,神經外科,泌尿科,耳鼻喉科,眼科,皮膚科,神經科,精神科,復健科,整形外科,職業醫學科,急診醫學科,牙科,牙髓病科,牙周病科,齒顎矯正科,口腔顎面外科,麻醉科,放射線科,解剖病理科",20280229,星期一上午看診、星期二上午看診、星期三上午看診、星期四上午看診、星期五上午看診、星期六上午休診、星期日上午看診、星期一下午看診、星期二下午看診、星期三下午看診、星期四下午看診、星期五下午看診、星期六下午休診、星期日下午休診、星期一晚上看診、星期二晚上看診、星期三晚上看診、星期四晚上看診、星期五晚上休診、星期六晚上休診、星期日晚上休診,提供24小時急診服務及週日提供上午門診服務,63000,19970801
1101160017,振興醫療財團法人振興醫院,綜合醫院,(02)28264400,臺北市北投區振興街４５號,臺北業務組,2,"復健－物理治療業務,復健－職能治療業務,住院安寧療護,安寧居家療護(甲類),復健－語言治療業務,急診業務,門診診療,住院診療,血液透析,分娩,胸部低劑量電腦斷層檢查,精神科日間住院治療,腹膜透析業務,結核病","不分科,家醫科,內科,外科,兒科,婦產科,骨科,神經外科,泌尿科,耳鼻喉科,眼科,皮膚科,神經科,精神科,復健科,整形外科,職業醫學科,急診醫學科,牙科,中醫一般科,麻醉科,核子醫學科,放射腫瘤科,放射診斷科,解剖病理科",20280229,星期一上午看診、星期二上午看診、星期三上午看診、星期四上午看診、星期五上午看診、星期六上午看診、星期日上午休診、星期一下午看診、星期二下午看診、星期三下午看診、星期四下午看診、星期五下午看診、星期六下午休診、星期日下午休診、星期一晚上看診、星期二晚上看診、星期三晚上看診、星期四晚上看診、星期五晚上休診、星期六晚上休診、星期日晚上休診,提供急診服務,63000,19950301
1101160026,醫療財團法人辜公亮基金會和信治癌中心醫院,綜合醫院,(02)66030011,臺北市北投區立德路１２５號,臺北業務組,2,"復健－物理治療業務,復健－職能治療業務,住院安寧療護,安寧居家療護(甲類),復健－語言治療業務,急診業務,門診診療,婦女人類乳突病毒檢測服務,住院診療,血液透析,胸部低劑量電腦斷層檢查,結核病","不分科,內科,外科,兒科,婦產科,神經外科,泌尿科,耳鼻喉科,眼科,神經科,精神科,復健科,整形外科,牙科,麻醉科,核子醫學科,放射腫瘤科,放射診斷科,解剖病理科,臨床病理科",20280523,星期一上午看診、星期二上午看診、星期三上午看診、星期四上午看診、星期五上午看診、星期六上午看診、星期日上午休診、星期一下午看診、星期二下午看診、星期三下午看診、星期四下午看診、星期五下午看診、星期六下午休診、星期日下午休診、星期一晚上看診、星期二晚上看診、星期三晚上看診、星期四晚上看診、星期五晚上看診、星期六晚上看診、星期日晚上看診,急診,63000,19970524
1102110011,高雄市立小港醫院（委託財團法人私立高雄醫學大學經營）,綜合醫院,(07)8036783,高雄市小港區山明里山明路４８２號Ｂ１－１０樓,高屏業務組,2,"復健－物理治療業務,復健－職能治療業務,住院安寧療護,復健－語言治療業務,急診業務,門診診療,婦女人類乳突病毒檢測服務,住院診療,血液透析,分娩,精神病患者居家照護,義肢業務,胸部低劑量電腦斷層檢查,精神科日間住院治療,腹膜透析業務","家醫科,內科,外科,兒科,婦產科,骨科,泌尿科,耳鼻喉科,眼科,皮膚科,神經科,精神科,復健科,職業醫學科,急診醫學科,牙科,家庭牙醫科,麻醉科,核子醫學科,放射腫瘤科,放射診斷科,解剖病理科",20281011,星期一上午看診、星期二上午看診、星期三上午看診、星期四上午看診、星期五上午看診、星期六上午看診、星期日上午休診、星期一下午看診、星期二下午看診、星期三下午看診、星期四下午看診、星期五下午看診、星期六下午休診、星期日下午休診、星期一晚上看診、星期二晚上看診、星期三晚上看診、星期四晚上看診、星期五晚上看診、星期六晚上休診、星期日晚上休診,本院急診全年24小時全天候看診,64000,19981012
1107120017,義大醫療財團法人義大癌治療醫院,醫院,(07)6150022,高雄市燕巢區角宿里義大路２１號Ｂ２－１０樓,高屏業務組,2,"復健－物理治療業務,復健－職能治療業務,住院安寧療護,復健－語言治療業務,急診業務,門診診療,婦女人類乳突病毒檢測服務,住院診療,血液透析,胸部低劑量電腦斷層檢查,腹膜透析業務","家醫科,內科,外科,兒科,婦產科,骨科,神經外科,泌尿科,耳鼻喉科,皮膚科,神經科,精神科,復健科,整形外科,急診醫學科,口腔顎面外科,中醫一般科,麻醉科,放射腫瘤科,放射診斷科,解剖病理科",20270819,星期一上午看診、星期二上午看診、星期三上午看診、星期四上午看診、星期五上午看診、星期六上午看診、星期日上午休診、星期一下午看診、星期二下午看診、星期三下午看診、星期四下午看診、星期五下午看診、星期六下午休診、星期日下午休診、星期一晚上休診、星期二晚上休診、星期三晚上休診、星期四晚上休診、星期五晚上休診、星期六晚上休診、星期日晚上休診,急診24小時開放,64000,20150820
1111060015,長庚醫療財團法人基隆長庚紀念醫院,綜合醫院,(02)24313131,基隆市安樂區麥金路２２２號、基隆市麥金路２０１號,臺北業務組,2,"復健－物理治療業務,復健－職能治療業務,住院安寧療護,安寧居家療護(甲類),復健－語言治療業務,急診業務,門診診療,婦女人類乳突病毒檢測服務,住院診療,血液透析,分娩,精神病患者居家照護,胸部低劑量電腦斷層檢查,精神科日間住院治療,腹膜透析業務,結核病","不分科,家醫科,內科,外科,兒科,婦產科,骨科,神經外科,泌尿科,耳鼻喉科,眼科,皮膚科,神經科,精神科,復健科,整形外科,職業醫學科,急診醫學科,牙科,牙周病科,贋復補綴牙科,齒顎矯正科,兒童牙科,口腔顎面外科,家庭牙醫科,中醫一般科,麻醉科,核子醫學科,放射腫瘤科,放射診斷科,解剖病理科,臨床病理科",20280229,星期一上午看診、星期二上午看診、星期三上午看診、星期四上午看診、星期五上午看診、星期六上午看診、星期日上午休診、星期一下午看診、星期二下午看診、星期三下午看診、星期四下午看診、星期五下午看診、星期六下午休診、星期日下午休診、星期一晚上看診、星期二晚上看診、星期三晚上看診、星期四晚上看診、星期五晚上看診、星期六晚上休診、星期日晚上休診,-,10017,19950301
1112010519,台灣基督長老教會馬偕醫療財團法人新竹馬偕紀念醫院,綜合醫院,(03)6119595,新竹市東區光復路二段６９０號,北區業務組,2,"復健－物理治療業務,復健－職能治療業務,復健－聽力檢查業務,復健－語言治療業務,急診業務,門診診療,婦女人類乳突病毒檢測服務,住院診療,血液透析,分娩,胸部低劑量電腦斷層檢查,精神科日間住院治療,腹膜透析業務","家醫科,內科,外科,兒科,婦產科,骨科,神經外科,泌尿科,耳鼻喉科,眼科,皮膚科,神經科,精神科,復健科,整形外科,急診醫學科,牙科,齒顎矯正科,口腔顎面外科,麻醉科,核子醫學科,放射腫瘤科,放射診斷科,解剖病理科",20251127,星期一上午看診、星期二上午看診、星期三上午看診、星期四上午看診、星期五上午看診、星期六上午看診、星期日上午休診、星期一下午看診、星期二下午看診、星期三下午看診、星期四下午看診、星期五下午看診、星期六下午休診、星期日下午休診、星期一晚上看診、星期二晚上看診、星期三晚上看診、星期四晚上看診、星期五晚上看診、星期六晚上休診、星期日晚上休診,提供急診24小時服務,10018,20021128
1112010537,新竹市立馬偕兒童醫院(委託台灣基督長老教會馬偕醫療財團法人興,醫院,(03)5719999,新竹市東區建功里建功二路２８號,北區業務組,2,"復健－物理治療業務,復健－職能治療業務,復健－語言治療業務,急診業務,門診診療,婦女人類乳突病毒檢測服務,住院診療,分娩","外科,兒科,婦產科,骨科,神經外科,耳鼻喉科,眼科,皮膚科,精神科,復健科,急診醫學科,兒童牙科,中醫一般科,麻醉科,放射診斷科,解剖病理科",20280822,星期一上午看診、星期二上午看診、星期三上午看診、星期四上午看診、星期五上午看診、星期六上午看診、星期日上午休診、星期一下午看診、星期二下午看診、星期三下午看診、星期四下午看診、星期五下午看診、星期六下午休診、星期日下午休診、星期一晚上看診、星期二晚上看診、星期三晚上看診、星期四晚上看診、星期五晚上看診、星期六晚上休診、星期日晚上休診,提供急診24小時服務,10018,20220823
1121010018,台灣基督長老教會新樓醫療財團法人台南新樓醫院,綜合醫院,(06)2748316,臺南市東區泉北里東門路１段５７號,南區業務組,2,"復健－物理治療業務,復健－職能治療業務,住院安寧療護,安寧居家療護(甲類),復健－語言治療業務,急診業務,門診診療,婦女人類乳突病毒檢測服務,住院診療,血液透析,分娩,義肢業務,胸部低劑量電腦斷層檢查,精神科日間住院治療,腹膜透析業務","家醫科,內科,外科,兒科,婦產科,骨科,神經外科,泌尿科,耳鼻喉科,眼科,皮膚科,神經科,精神科,復健科,整形外科,職業醫學科,急診醫學科,牙科,口腔顎面外科,中醫一般科,麻醉科,核子醫學科,放射腫瘤科,放射診斷科,解剖病理科",20280229,星期一上午看診、星期二上午看診、星期三上午看診、星期四上午看診、星期五上午看診、星期六上午看診、星期日上午看診、星期一下午看診、星期二下午看診、星期三下午看診、星期四下午看診、星期五下午看診、星期六下午休診、星期日下午看診、星期一晚上看診、星期二晚上看診、星期三晚上看診、星期四晚上看診、星期五晚上看診、星期六晚上休診、星期日晚上看診,急診全年無休。10月24日光復節補假日-日間及夜間門診全開診。10月25日光復節-日間半日門診全休診。,10021,19950301
1122010012,戴德森醫療財團法人嘉義基督教醫院,綜合醫院,(05)2765041,嘉義市東區中庄里忠孝路５３９號、６４２號、保健街１００號,南區業務組,2,"安寧居家療護(乙類),復健－物理治療業務,復健－職能治療業務,住院安寧療護,安寧居家療護(甲類),復健－語言治療業務,急診業務,門診診療,婦女人類乳突病毒檢測服務,住院診療,血液透析,分娩,精神病患者居家照護,義肢業務,胸部低劑量電腦斷層檢查,精神科日間住院治療,腹膜透析業務","家醫科,內科,外科,兒科,婦產科,骨科,神經外科,泌尿科,耳鼻喉科,眼科,皮膚科,神經科,精神科,復健科,整形外科,職業醫學科,急診醫學科,牙科,牙髓病科,牙周病科,贋復補綴牙科,齒顎矯正科,口腔顎面外科,家庭牙醫科,特殊需求者口腔醫學科,中醫一般科,麻醉科,放射線科,病理科,核子醫學科",20280229,星期一上午看診、星期二上午看診、星期三上午看診、星期四上午看診、星期五上午看診、星期六上午看診、星期日上午休診、星期一下午看診、星期二下午看診、星期三下午看診、星期四下午看診、星期五下午看診、星期六下午休診、星期日下午休診、星期一晚上看診、星期二晚上看診、星期三晚上看診、星期四晚上看診、星期五晚上看診、星期六晚上休診、星期日晚上休診,急診全天候服務,10020,19980501
1122010021,天主教中華聖母修女會醫療財團法人天主教聖馬爾定醫院,綜合醫院,(05)2756000,嘉義市東區大雅路二段５６５號,南區業務組,2,"安寧居家療護(乙類),復健－物理治療業務,復健－職能治療業務,住院安寧療護,安寧居家療護(甲類),復健－語言治療業務,急診業務,門診診療,婦女人類乳突病毒檢測服務,住院診療,血液透析,分娩,精神病患者居家照護,義肢業務,胸部低劑量電腦斷層檢查,精神科日間住院治療,腹膜透析業務","家醫科,內科,外科,兒科,婦產科,骨科,神經外科,泌尿科,耳鼻喉科,眼科,皮膚科,神經科,精神科,復健科,職業醫學科,急診醫學科,牙科,口腔顎面外科,中醫一般科,麻醉科,核子醫學科,放射腫瘤科,放射診斷科,解剖病理科",20280229,星期一上午看診、星期二上午看診、星期三上午看診、星期四上午看診、星期五上午看診、星期六上午看診、星期日上午休診、星期一下午看診、星期二下午看診、星期三下午看診、星期四下午看診、星期五下午看診、星期六下午休診、星期日下午休診、星期一晚上看診、星期二晚上看診、星期三晚上看診、星期四晚上看診、星期五晚上看診、星期六晚上休診、星期日晚上休診,急診24小時提供內.外.婦.兒等科醫療服務.,10020,19990101
1131090019,行天宮醫療志業醫療財團法人恩主公醫院,綜合醫院,(02)26723456,新北市三峽區復興路３９９號、中山路１９８、２５８號,臺北業務組,2,"復健－物理治療業務,復健－職能治療業務,住院安寧療護,復健－語言治療業務,急診業務,門診診療,婦女人類乳突病毒檢測服務,住院診療,血液透析,分娩,精神病患者居家照護,義肢業務,胸部低劑量電腦斷層檢查,精神科日間住院治療,結核病","家醫科,內科,外科,兒科,婦產科,骨科,神經外科,泌尿科,耳鼻喉科,眼科,皮膚科,神經科,精神科,復健科,整形外科,職業醫學科,急診醫學科,牙科,牙髓病科,牙周病科,兒童牙科,口腔顎面外科,家庭牙醫科,特殊需求者口腔醫學科,中醫一般科,麻醉科,核子醫學科,放射腫瘤科,放射診斷科,解剖病理科",20281007,星期一上午看診、星期二上午看診、星期三上午看診、星期四上午看診、星期五上午看診、星期六上午看診、星期日上午休診、星期一下午看診、星期二下午看診、星期三下午看診、星期四下午看診、星期五下午看診、星期六下午休診、星期日下午休診、星期一晚上看診、星期二晚上看診、星期三晚上看診、星期四晚上看診、星期五晚上看診、星期六晚上休診、星期日晚上休診,-,65000,19971008
1131110516,國泰醫療財團法人汐止國泰綜合醫院,綜合醫院,(02)26482121,新北市汐止區建成路５９巷２號地下４樓至地上１２樓,臺北業務組,2,"復健－物理治療業務,復健－職能治療業務,住院安寧療護,復健－語言治療業務,急診業務,門診診療,婦女人類乳突病毒檢測服務,住院診療,血液透析,分娩,精神病患者居家照護,義肢業務,胸部低劑量電腦斷層檢查,精神科日間住院治療,結核病","家醫科,內科,外科,兒科,婦產科,骨科,神經外科,泌尿科,耳鼻喉科,眼科,皮膚科,神經科,精神科,復健科,整形外科,急診醫學科,牙科,牙髓病科,家庭牙醫科,麻醉科,病理科,核子醫學科,放射腫瘤科,放射診斷科",20251130,星期一上午看診、星期二上午看診、星期三上午看診、星期四上午看診、星期五上午看診、星期六上午看診、星期日上午休診、星期一下午看診、星期二下午看診、星期三下午看診、星期四下午看診、星期五下午看診、星期六下午休診、星期日下午休診、星期一晚上看診、星期二晚上看診、星期三晚上看診、星期四晚上看診、星期五晚上看診、星期六晚上休診、星期日晚上休診,提供急診服務,65000,20051201
1131130018,新北市立土城醫院（委託長庚醫療財團法人興建經營）,綜合醫院,(02)22630588,新北市土城區金城路２段６號,臺北業務組,2,"復健－物理治療業務,復健－職能治療業務,住院安寧療護,復健－語言治療業務,門診診療,婦女人類乳突病毒檢測服務,住院診療,血液透析,分娩,胸部低劑量電腦斷層檢查,精神科日間住院治療,腹膜透析業務","不分科,家醫科,內科,外科,兒科,婦產科,骨科,神經外科,泌尿科,耳鼻喉科,眼科,皮膚科,神經科,精神科,復健科,整形外科,職業醫學科,急診醫學科,牙科,牙周病科,贋復補綴牙科,齒顎矯正科,兒童牙科,家庭牙醫科,中醫一般科,麻醉科,核子醫學科,放射腫瘤科,放射診斷科,解剖病理科",20260407,星期一上午看診、星期二上午看診、星期三上午看診、星期四上午看診、星期五上午看診、星期六上午看診、星期日上午休診、星期一下午看診、星期二下午看診、星期三下午看診、星期四下午看診、星期五下午看診、星期六下午看診、星期日下午休診、星期一晚上看診、星期二晚上看診、星期三晚上看診、星期四晚上看診、星期五晚上看診、星期六晚上休診、星期日晚上休診,實際開診情形請詳見本院網路掛號,65000,20200408
1132010024,沙爾德聖保祿修女會醫療財團法人聖保祿醫院,綜合醫院,(03)3613141,桃園市桃園區建新街１２３號,北區業務組,2,"安寧居家療護(乙類),復健－物理治療業務,復健－職能治療業務,安寧居家療護(甲類),復健－聽力檢查業務,復健－語言治療業務,急診業務,門診診療,婦女人類乳突病毒檢測服務,住院診療,血液透析,分娩,精神病患者居家照護,胸部低劑量電腦斷層檢查,精神科日間住院治療,腹膜透析業務","家醫科,內科,外科,兒科,婦產科,骨科,神經外科,泌尿科,耳鼻喉科,神經科,精神科,復健科,職業醫學科,急診醫學科,牙科,麻醉科,核子醫學科,放射診斷科,解剖病理科",20281031,星期一上午看診、星期二上午看診、星期三上午看診、星期四上午看診、星期五上午看診、星期六上午看診、星期日上午休診、星期一下午看診、星期二下午看診、星期三下午看診、星期四下午看診、星期五下午看診、星期六下午看診、星期日下午休診、星期一晚上看診、星期二晚上看診、星期三晚上看診、星期四晚上看診、星期五晚上看診、星期六晚上休診、星期日晚上休診,-,68000,20131101
1134020019,醫療財團法人羅許基金會羅東博愛醫院,綜合醫院,(03)9543131,宜蘭縣羅東鎮南昌街８１、８３號及站前南路６１、６３號,臺北業務組,2,"復健－物理治療業務,復健－職能治療業務,住院安寧療護,安寧居家療護(甲類),復健－語言治療業務,急診業務,門診診療,婦女人類乳突病毒檢測服務,住院診療,血液透析,分娩,精神病患者居家照護,胸部低劑量電腦斷層檢查,精神科日間住院治療,結核病","家醫科,內科,外科,兒科,婦產科,骨科,神經外科,泌尿科,耳鼻喉科,眼科,皮膚科,神經科,精神科,復健科,整形外科,職業醫學科,急診醫學科,牙科,口腔顎面外科,家庭牙醫科,麻醉科,核子醫學科,放射腫瘤科,放射診斷科,解剖病理科",20280229,星期一上午看診、星期二上午看診、星期三上午看診、星期四上午看診、星期五上午看診、星期六上午看診、星期日上午休診、星期一下午看診、星期二下午看診、星期三下午看診、星期四下午看診、星期五下午看診、星期六下午休診、星期日下午休診、星期一晚上看診、星期二晚上看診、星期三晚上看診、星期四晚上看診、星期五晚上看診、星期六晚上休診、星期日晚上休診,本院門診休診時間，急診24小時提供服務,10002,20160301
1134020028,天主教靈醫會醫療財團法人羅東聖母醫院,綜合醫院,(03)9544106,宜蘭縣羅東鎮中正南路１６０號、宜蘭縣南澳鄉大通路１１２之１號,臺北業務組,2,"復健－物理治療業務,復健－職能治療業務,住院安寧療護,安寧居家療護(甲類),復健－語言治療業務,急診業務,門診診療,婦女人類乳突病毒檢測服務,住院診療,血液透析,分娩,精神病患者居家照護,胸部低劑量電腦斷層檢查,精神科日間住院治療,結核病","家醫科,內科,外科,兒科,婦產科,骨科,神經外科,泌尿科,耳鼻喉科,眼科,皮膚科,神經科,精神科,復健科,整形外科,職業醫學科,急診醫學科,牙科,麻醉科,核子醫學科,放射腫瘤科,放射診斷科,解剖病理科",20271031,星期一上午看診、星期二上午看診、星期三上午看診、星期四上午看診、星期五上午看診、星期六上午看診、星期日上午看診、星期一下午看診、星期二下午看診、星期三下午看診、星期四下午看診、星期五下午看診、星期六下午看診、星期日下午休診、星期一晚上看診、星期二晚上看診、星期三晚上看診、星期四晚上看診、星期五晚上看診、星期六晚上看診、星期日晚上休診,急診24小時全年無休,10002,20181101
1135050020,為恭醫療財團法人為恭紀念醫院,綜合醫院,(037)676811,苗栗縣頭份市信義路１２８號,北區業務組,2,"復健－物理治療業務,復健－職能治療業務,住院安寧療護,安寧居家療護(甲類),復健－語言治療業務,急診業務,門診診療,婦女人類乳突病毒檢測服務,住院診療,血液透析,居家照護,分娩,精神病患者居家照護,胸部低劑量電腦斷層檢查,精神科日間住院治療,腹膜透析業務","家醫科,內科,外科,兒科,婦產科,骨科,神經外科,泌尿科,耳鼻喉科,眼科,神經科,精神科,復健科,職業醫學科,急診醫學科,牙科,中醫一般科,麻醉科,病理科,放射腫瘤科,放射診斷科",20280229,星期一上午看診、星期二上午看診、星期三上午看診、星期四上午看診、星期五上午看診、星期六上午看診、星期日上午休診、星期一下午看診、星期二下午看診、星期三下午看診、星期四下午看診、星期五下午看診、星期六下午休診、星期日下午休診、星期一晚上看診、星期二晚上看診、星期三晚上看診、星期四晚上看診、星期五晚上看診、星期六晚上休診、星期日晚上休診,無急診，週六 下午無門診但有透析服務,10005,20001001
1136090519,佛教慈濟醫療財團法人台中慈濟醫院,綜合醫院,(04)36060666,臺中市潭子區豐興路１段６６、８８號,中區業務組,2,"復健－物理治療業務,復健－職能治療業務,住院安寧療護,安寧居家療護(甲類),復健－語言治療業務,急診業務,門診診療,婦女人類乳突病毒檢測服務,住院診療,血液透析,分娩,精神病患者居家照護,胸部低劑量電腦斷層檢查,腹膜透析業務","不分科,家醫科,內科,外科,兒科,婦產科,骨科,神經外科,泌尿科,耳鼻喉科,眼科,神經科,精神科,復健科,整形外科,職業醫學科,急診醫學科,牙科,牙髓病科,牙周病科,齒顎矯正科,口腔顎面外科,中醫一般科,麻醉科,核子醫學科,放射腫瘤科,放射診斷科,解剖病理科,臨床病理科",20251217,星期一上午看診、星期二上午看診、星期三上午看診、星期四上午看診、星期五上午看診、星期六上午看診、星期日上午休診、星期一下午看診、星期二下午看診、星期三下午看診、星期四下午看診、星期五下午看診、星期六下午休診、星期日下午休診、星期一晚上看診、星期二晚上看診、星期三晚上看診、星期四晚上看診、星期五晚上看診、星期六晚上休診、星期日晚上休診,急診24小時提供服務,66000,20061218
1136200015,仁愛醫療財團法人大里仁愛醫院,綜合醫院,(04)24819900,臺中市大里區東榮路４８３號,中區業務組,2,"復健－物理治療業務,復健－職能治療業務,安寧居家療護(甲類),復健－語言治療業務,急診業務,門診診療,婦女人類乳突病毒檢測服務,住院診療,血液透析,分娩,胸部低劑量電腦斷層檢查,腹膜透析業務","不分科,家醫科,內科,外科,兒科,婦產科,骨科,神經外科,泌尿科,耳鼻喉科,眼科,皮膚科,神經科,精神科,復健科,整形外科,急診醫學科,牙科,中醫一般科,麻醉科,核子醫學科,放射腫瘤科,放射診斷科,解剖病理科",20280229,星期一上午看診、星期二上午看診、星期三上午看診、星期四上午看診、星期五上午看診、星期六上午看診、星期日上午休診、星期一下午看診、星期二下午看診、星期三下午看診、星期四下午看診、星期五下午看診、星期六下午休診、星期日下午休診、星期一晚上看診、星期二晚上看診、星期三晚上看診、星期四晚上看診、星期五晚上看診、星期六晚上休診、星期日晚上休診,-,66000,20000101
1137020511,秀傳醫療財團法人彰濱秀傳紀念醫院,綜合醫院,(04)7813888,彰化縣鹿港鎮鹿工路６號、６－２號,中區業務組,2,"復健－物理治療業務,復健－職能治療業務,復健－語言治療業務,急診業務,門診診療,婦女人類乳突病毒檢測服務,住院診療,血液透析,分娩,精神病患者居家照護,胸部低劑量電腦斷層檢查,精神科日間住院治療,腹膜透析業務","家醫科,內科,外科,兒科,婦產科,骨科,神經外科,泌尿科,耳鼻喉科,眼科,皮膚科,神經科,精神科,復健科,整形外科,職業醫學科,急診醫學科,牙科,齒顎矯正科,家庭牙醫科,中醫一般科,麻醉科,放射線科,病理科,核子醫學科",20280517,星期一上午看診、星期二上午看診、星期三上午看診、星期四上午看診、星期五上午看診、星期六上午看診、星期日上午休診、星期一下午看診、星期二下午看診、星期三下午看診、星期四下午看診、星期五下午看診、星期六下午看診、星期日下午休診、星期一晚上看診、星期二晚上看診、星期三晚上看診、星期四晚上看診、星期五晚上看診、星期六晚上休診、星期日晚上休診,星期一至星期日提供24小時急診服務，春節初一至初三上午部份科別看診，下午晚間休診.,10007,20060518
1138020015,埔基醫療財團法人埔里基督教醫院,綜合醫院,(049)2912151,南投縣埔里鎮愛蘭里鐵山路１號,中區業務組,2,"復健－物理治療業務,復健－職能治療業務,住院安寧療護,安寧居家療護(甲類),復健－語言治療業務,急診業務,門診診療,住院診療,血液透析,分娩,胸部低劑量電腦斷層檢查,精神科日間住院治療,腹膜透析業務","家醫科,內科,外科,兒科,婦產科,骨科,泌尿科,耳鼻喉科,眼科,皮膚科,神經科,精神科,復健科,整形外科,急診醫學科,牙科,中醫一般科,麻醉科,病理科,放射腫瘤科,放射診斷科",20280229,星期一上午看診、星期二上午看診、星期三上午看診、星期四上午看診、星期五上午看診、星期六上午看診、星期日上午休診、星期一下午看診、星期二下午看診、星期三下午看診、星期四下午看診、星期五下午看診、星期六下午休診、星期日下午休診、星期一晚上看診、星期二晚上看診、星期三晚上看診、星期四晚上看診、星期五晚上看診、星期六晚上休診、星期日晚上休診,-,10008,19950301
1140010510,長庚醫療財團法人嘉義長庚紀念醫院,綜合醫院,(05)3621000,嘉義縣朴子市仁和里長庚一路６號及嘉朴路西段８號,南區業務組,2,"復健－物理治療業務,復健－職能治療業務,住院安寧療護,復健－語言治療業務,急診業務,門診診療,婦女人類乳突病毒檢測服務,住院診療,血液透析,分娩,精神病患者居家照護,義肢業務,胸部低劑量電腦斷層檢查,精神科日間住院治療,腹膜透析業務","不分科,家醫科,內科,外科,兒科,婦產科,骨科,神經外科,泌尿科,耳鼻喉科,眼科,皮膚科,神經科,精神科,復健科,整形外科,職業醫學科,急診醫學科,牙科,牙周病科,口腔顎面外科,家庭牙醫科,中醫一般科,麻醉科,核子醫學科,放射腫瘤科,放射診斷科,解剖病理科,臨床病理科",20251227,星期一上午看診、星期二上午看診、星期三上午看診、星期四上午看診、星期五上午看診、星期六上午看診、星期日上午休診、星期一下午看診、星期二下午看診、星期三下午看診、星期四下午看診、星期五下午看診、星期六下午休診、星期日下午休診、星期一晚上看診、星期二晚上看診、星期三晚上看診、星期四晚上看診、星期五晚上看診、星期六晚上休診、星期日晚上休診,本院提供24小時急診服務。,10010,20011228
1140030012,佛教慈濟醫療財團法人大林慈濟醫院,綜合醫院,(05)2648000,嘉義縣大林鎮平林里民生路２號,南區業務組,2,"復健－物理治療業務,復健－職能治療業務,住院安寧療護,安寧居家療護(甲類),復健－語言治療業務,急診業務,門診診療,婦女人類乳突病毒檢測服務,住院診療,血液透析,分娩,精神病患者居家照護,義肢業務,胸部低劑量電腦斷層檢查,精神科日間住院治療,腹膜透析業務","家醫科,內科,外科,兒科,婦產科,骨科,神經外科,泌尿科,耳鼻喉科,眼科,皮膚科,神經科,精神科,復健科,整形外科,職業醫學科,急診醫學科,牙科,牙周病科,口腔顎面外科,家庭牙醫科,特殊需求者口腔醫學科,中醫一般科,麻醉科,放射線科,病理科,核子醫學科",20251230,星期一上午看診、星期二上午看診、星期三上午看診、星期四上午看診、星期五上午看診、星期六上午看診、星期日上午休診、星期一下午看診、星期二下午看診、星期三下午看診、星期四下午看診、星期五下午看診、星期六下午休診、星期日下午休診、星期一晚上看診、星期二晚上看診、星期三晚上看診、星期四晚上看診、星期五晚上看診、星期六晚上休診、星期日晚上休診,-,10010,20131231
1141090512,奇美醫療財團法人柳營奇美醫院,綜合醫院,(06)6226999,臺南市柳營區太康里２０１號,南區業務組,2,"復健－物理治療業務,復健－職能治療業務,住院安寧療護,安寧居家療護(甲類),復健－語言治療業務,急診業務,門診診療,婦女人類乳突病毒檢測服務,住院診療,血液透析,分娩,精神病患者居家照護,義肢業務,胸部低劑量電腦斷層檢查,精神科日間住院治療,腹膜透析業務","家醫科,內科,外科,兒科,婦產科,骨科,神經外科,泌尿科,耳鼻喉科,眼科,神經科,精神科,復健科,整形外科,職業醫學科,急診醫學科,牙科,牙髓病科,牙周病科,贋復補綴牙科,口腔顎面外科,家庭牙醫科,中醫一般科,麻醉科,核子醫學科,放射腫瘤科,放射診斷科,解剖病理科",20280627,星期一上午看診、星期二上午看診、星期三上午看診、星期四上午看診、星期五上午看診、星期六上午看診、星期日上午休診、星期一下午看診、星期二下午看診、星期三下午看診、星期四下午看診、星期五下午看診、星期六下午休診、星期日下午休診、星期一晚上看診、星期二晚上看診、星期三晚上看診、星期四晚上看診、星期五晚上看診、星期六晚上休診、星期日晚上休診,急診24小時服務,10021,20040628
1143010012,屏基醫療財團法人屏東基督教醫院,綜合醫院,(08)7368686,屏東縣屏東市大連路６０號，屏東縣屏東市建豐路２巷１１３號,高屏業務組,2,"復健－物理治療業務,復健－職能治療業務,住院安寧療護,復健－語言治療業務,急診業務,門診診療,婦女人類乳突病毒檢測服務,住院診療,血液透析,分娩,精神病患者居家照護,義肢業務,胸部低劑量電腦斷層檢查,腹膜透析業務","家醫科,內科,外科,兒科,婦產科,骨科,神經外科,泌尿科,耳鼻喉科,神經科,精神科,復健科,整形外科,急診醫學科,牙科,家庭牙醫科,中醫一般科,麻醉科,核子醫學科,放射腫瘤科,放射診斷科,解剖病理科",20280229,星期一上午看診、星期二上午看診、星期三上午看診、星期四上午看診、星期五上午看診、星期六上午休診、星期日上午休診、星期一下午看診、星期二下午看診、星期三下午看診、星期四下午看診、星期五下午看診、星期六下午休診、星期日下午休診、星期一晚上看診、星期二晚上看診、星期三晚上看診、星期四晚上看診、星期五晚上看診、星期六晚上休診、星期日晚上休診,本院急診全年為24小時全時段看診,10013,19950301
1145010038,臺灣基督教門諾會醫療財團法人門諾醫院,綜合醫院,(03)8241234,花蓮縣花蓮市民權路４４號,東區業務組,2,"復健－物理治療業務,復健－職能治療業務,復健－聽力語言治療業務,住院安寧療護,安寧居家療護(甲類),急診業務,門診診療,婦女人類乳突病毒檢測服務,住院診療,血液透析,分娩,精神病患者居家照護,義肢業務,胸部低劑量電腦斷層檢查,腹膜透析業務","家醫科,內科,外科,兒科,婦產科,骨科,神經外科,泌尿科,耳鼻喉科,眼科,皮膚科,神經科,精神科,復健科,整形外科,急診醫學科,牙科,口腔顎面外科,中醫一般科,麻醉科,放射線科,病理科,核子醫學科,放射腫瘤科",20280229,星期一上午看診、星期二上午看診、星期三上午看診、星期四上午看診、星期五上午看診、星期六上午看診、星期日上午休診、星期一下午看診、星期二下午看診、星期三下午看診、星期四下午看診、星期五下午看診、星期六下午休診、星期日下午休診、星期一晚上看診、星期二晚上休診、星期三晚上看診、星期四晚上休診、星期五晚上休診、星期六晚上休診、星期日晚上休診,-,10015,19970901
1146010014,台灣基督長老教會馬偕醫療財團法人台東馬偕紀念醫院,綜合醫院,(089)310150,臺東縣臺東市長沙街３０３巷１號,東區業務組,2,"復健－物理治療業務,復健－職能治療業務,復健－聽力語言治療業務,安寧居家療護(甲類),急診業務,門診診療,婦女人類乳突病毒檢測服務,住院診療,血液透析,分娩,精神病患者居家照護,胸部低劑量電腦斷層檢查,腹膜透析業務","家醫科,內科,外科,兒科,婦產科,骨科,神經外科,泌尿科,耳鼻喉科,神經科,精神科,復健科,急診醫學科,牙科,口腔顎面外科,中醫一般科,麻醉科,病理科,放射腫瘤科,放射診斷科",20280229,星期一上午看診、星期二上午看診、星期三上午看診、星期四上午看診、星期五上午看診、星期六上午看診、星期日上午休診、星期一下午看診、星期二下午看診、星期三下午看診、星期四下午看診、星期五下午看診、星期六下午休診、星期日下午休診、星期一晚上休診、星期二晚上看診、星期三晚上休診、星期四晚上看診、星期五晚上休診、星期六晚上休診、星期日晚上休診,急診全年無休，24小時提供內外婦兒科等服務。,10014,19950301
1231050017,天主教耕莘醫療財團法人耕莘醫院,綜合醫院,(02)22193391,新北市新店區中正路３６２號、車子路１５號,臺北業務組,2,"復健－物理治療業務,復健－職能治療業務,住院安寧療護,安寧居家療護(甲類),復健－語言治療業務,急診業務,門診診療,婦女人類乳突病毒檢測服務,住院診療,血液透析,分娩,精神病患者居家照護,胸部低劑量電腦斷層檢查,精神科日間住院治療,結核病","不分科,家醫科,內科,外科,兒科,婦產科,骨科,神經外科,泌尿科,耳鼻喉科,眼科,皮膚科,神經科,精神科,復健科,整形外科,職業醫學科,急診醫學科,牙科,牙髓病科,牙周病科,口腔顎面外科,家庭牙醫科,特殊需求者口腔醫學科,中醫一般科,麻醉科,核子醫學科,放射腫瘤科,放射診斷科,解剖病理科,臨床病理科",20280229,星期一上午看診、星期二上午看診、星期三上午看診、星期四上午看診、星期五上午看診、星期六上午看診、星期日上午休診、星期一下午看診、星期二下午看診、星期三下午看診、星期四下午看診、星期五下午看診、星期六下午看診、星期日下午休診、星期一晚上看診、星期二晚上看診、星期三晚上看診、星期四晚上看診、星期五晚上看診、星期六晚上休診、星期日晚上休診,新耕國定假日部分門診至本院全球資訊網參閱；安康院區看診資訊請逕至本院安康院區全球資訊網參閱；急診24小時服務,65000,19950301
1301170017,臺北醫學大學附設醫院,綜合醫院,(02)27372181,臺北市信義區吳興街２５２號、２５０號,臺北業務組,2,"復健－物理治療業務,復健－職能治療業務,住院安寧療護,安寧居家療護(甲類),復健－語言治療業務,急診業務,門診診療,婦女人類乳突病毒檢測服務,住院診療,血液透析,分娩,胸部低劑量電腦斷層檢查,精神科日間住院治療,結核病","不分科,家醫科,內科,外科,兒科,婦產科,骨科,神經外科,泌尿科,耳鼻喉科,眼科,皮膚科,神經科,精神科,復健科,整形外科,職業醫學科,急診醫學科,牙科,牙體復形科,牙髓病科,牙周病科,贋復補綴牙科,齒顎矯正科,兒童牙科,口腔顎面外科,口腔病理科,家庭牙醫科,中醫一般科,麻醉科,核子醫學科,放射腫瘤科,放射診斷科,解剖病理科,臨床病理科",20280229,星期一上午看診、星期二上午看診、星期三上午看診、星期四上午看診、星期五上午看診、星期六上午看診、星期日上午休診、星期一下午看診、星期二下午看診、星期三下午看診、星期四下午看診、星期五下午看診、星期六下午休診、星期日下午休診、星期一晚上看診、星期二晚上看診、星期三晚上看診、星期四晚上看診、星期五晚上看診、星期六晚上休診、星期日晚上休診,急診提供24小時服務,63000,19950301
1303180011,亞洲大學附屬醫院,綜合醫院,(04)37061668,臺中市霧峰區福新路２２２號,中區業務組,2,"復健－物理治療業務,復健－職能治療業務,復健－語言治療業務,急診業務,門診診療,住院診療,血液透析,分娩,胸部低劑量電腦斷層檢查,腹膜透析業務","家醫科,內科,外科,兒科,婦產科,骨科,神經外科,泌尿科,耳鼻喉科,眼科,神經科,精神科,復健科,整形外科,急診醫學科,中醫一般科,麻醉科,核子醫學科,放射腫瘤科,放射診斷科,解剖病理科",20280705,星期一上午看診、星期二上午看診、星期三上午看診、星期四上午看診、星期五上午看診、星期六上午看診、星期日上午休診、星期一下午看診、星期二下午看診、星期三下午看診、星期四下午看診、星期五下午看診、星期六下午休診、星期日下午休診、星期一晚上看診、星期二晚上看診、星期三晚上看診、星期四晚上看診、星期五晚上看診、星期六晚上休診、星期日晚上休診,急診24小時全年無休,66000,20160706
1305370013,臺南市立安南醫院-委託中國醫藥大學興建經營,綜合醫院,(06)3553111,臺南市安南區長和路二段６６號,南區業務組,2,"安寧居家療護(乙類),復健－物理治療業務,復健－職能治療業務,住院安寧療護,安寧居家療護(甲類),復健－語言治療業務,急診業務,門診診療,婦女人類乳突病毒檢測服務,住院診療,血液透析,分娩,精神病患者居家照護,胸部低劑量電腦斷層檢查,醫事放射業務,醫事檢驗業務,精神科日間住院治療,腹膜透析業務","家醫科,內科,外科,兒科,婦產科,骨科,神經外科,泌尿科,耳鼻喉科,眼科,皮膚科,神經科,精神科,復健科,整形外科,職業醫學科,急診醫學科,牙科,口腔顎面外科,中醫一般科,麻醉科,核子醫學科,放射腫瘤科,放射診斷科,解剖病理科",20280101,星期一上午看診、星期二上午看診、星期三上午看診、星期四上午看診、星期五上午看診、星期六上午看診、星期日上午休診、星期一下午看診、星期二下午看診、星期三下午看診、星期四下午看診、星期五下午看診、星期六下午休診、星期日下午休診、星期一晚上看診、星期二晚上看診、星期三晚上看診、星期四晚上看診、星期五晚上看診、星期六晚上休診、星期日晚上休診,-,10021,20130102
1331160010,輔仁大學學校財團法人輔仁大學附設醫院,綜合醫院,(02)85128888,新北市泰山區貴子路６９號（地下４層、地上１至１３層、１５層）,臺北業務組,2,"復健－物理治療業務,復健－職能治療業務,復健－聽力語言治療業務,住院安寧療護,安寧居家療護(甲類),門診診療,婦女人類乳突病毒檢測服務,住院診療,血液透析,分娩,胸部低劑量電腦斷層檢查,腹膜透析業務","不分科,家醫科,內科,外科,兒科,婦產科,骨科,神經外科,泌尿科,耳鼻喉科,眼科,皮膚科,神經科,精神科,復健科,整形外科,職業醫學科,急診醫學科,牙科,齒顎矯正科,口腔顎面外科,家庭牙醫科,麻醉科,核子醫學科,放射腫瘤科,放射診斷科,解剖病理科,臨床病理科",20260928,星期一上午看診、星期二上午看診、星期三上午看診、星期四上午看診、星期五上午看診、星期六上午看診、星期日上午休診、星期一下午看診、星期二下午看診、星期三下午看診、星期四下午看診、星期五下午看診、星期六下午休診、星期日下午休診、星期一晚上看診、星期二晚上看診、星期三晚上看診、星期四晚上看診、星期五晚上看診、星期六晚上休診、星期日晚上休診,急診24小時服務,65000,20170929
1339060017,中國醫藥大學北港附設醫院,綜合醫院,(05)7837901,雲林縣北港鎮新街里新德路１２３號,南區業務組,2,"安寧居家療護(乙類),復健－物理治療業務,復健－職能治療業務,復健－語言治療業務,急診業務,門診診療,婦女人類乳突病毒檢測服務,住院診療,血液透析,分娩,義肢業務,胸部低劑量電腦斷層檢查,腹膜透析業務","家醫科,內科,外科,兒科,婦產科,骨科,神經外科,泌尿科,耳鼻喉科,神經科,精神科,復健科,職業醫學科,急診醫學科,牙科,中醫一般科,麻醉科,放射線科,病理科,核子醫學科,放射腫瘤科",20280229,星期一上午看診、星期二上午看診、星期三上午看診、星期四上午看診、星期五上午看診、星期六上午看診、星期日上午休診、星期一下午看診、星期二下午看診、星期三下午看診、星期四下午看診、星期五下午看診、星期六下午休診、星期日下午休診、星期一晚上看診、星期二晚上看診、星期三晚上看診、星期四晚上看診、星期五晚上看診、星期六晚上休診、星期日晚上休診,急診24小時不打烊，門診時間:上午8:30看診  下午2:00看診  晚上6:00看診,10009,19950301
1343030018,輔英科技大學附設醫院,綜合醫院,(08)8323146,屏東縣東港鎮興台里中山路５號,高屏業務組,2,"復健－物理治療業務,復健－職能治療業務,復健－語言治療業務,急診業務,門診診療,婦女人類乳突病毒檢測服務,住院診療,血液透析,分娩,精神病患者居家照護,胸部低劑量電腦斷層檢查,精神科日間住院治療,腹膜透析業務","家醫科,內科,外科,兒科,婦產科,骨科,神經外科,泌尿科,耳鼻喉科,眼科,皮膚科,神經科,精神科,復健科,整形外科,急診醫學科,麻醉科,放射診斷科,解剖病理科",20280229,星期一上午看診、星期二上午看診、星期三上午看診、星期四上午看診、星期五上午看診、星期六上午看診、星期日上午休診、星期一下午看診、星期二下午看診、星期三下午看診、星期四下午看診、星期五下午看診、星期六下午休診、星期日下午休診、星期一晚上看診、星期二晚上看診、星期三晚上看診、星期四晚上看診、星期五晚上看診、星期六晚上休診、星期日晚上休診,原星期六及星期日晚上兒科只開一診（急診收費）110.10.01起取消,10013,19950301
1442060014,財團法人台灣省私立高雄仁愛之家附設慈惠醫院,精神科醫院,(07)7030315,高雄市大寮區後庄里鳳屏一路５０９號,高屏業務組,2,"急診業務,門診診療,住院診療,精神病患者居家照護,精神科日間住院治療",精神科,20280229,星期一上午看診、星期二上午看診、星期三上午看診、星期四上午看診、星期五上午看診、星期六上午看診、星期日上午休診、星期一下午看診、星期二下午看診、星期三下午看診、星期四下午看診、星期五下午看診、星期六下午休診、星期日下午休診、星期一晚上休診、星期二晚上休診、星期三晚上休診、星期四晚上休診、星期五晚上休診、星期六晚上休診、星期日晚上休診,星期六為不固定開診,64000,19950301
1517011112,澄清綜合醫院,綜合醫院,(04)24632000,臺中市中區平等街１３９號,中區業務組,2,"復健－物理治療業務,復健－職能治療業務,復健－語言治療業務,急診業務,門診診療,婦女人類乳突病毒檢測服務,住院診療,血液透析,分娩,腹膜透析業務","家醫科,內科,外科,兒科,婦產科,骨科,神經外科,泌尿科,耳鼻喉科,眼科,皮膚科,神經科,精神科,復健科,急診醫學科,牙科,麻醉科,放射診斷科,解剖病理科",20271201,星期一上午看診、星期二上午看診、星期三上午看診、星期四上午看診、星期五上午看診、星期六上午看診、星期日上午休診、星期一下午看診、星期二下午看診、星期三下午看診、星期四下午看診、星期五下午看診、星期六下午休診、星期日下午休診、星期一晚上看診、星期二晚上看診、星期三晚上看診、星期四晚上看診、星期五晚上看診、星期六晚上休診、星期日晚上休診,提供24小時急診服務。,66000,20051202
1517061032,澄清綜合醫院中港分院,綜合醫院,(04)24632000,臺中市西屯區臺灣大道４段９６６號,中區業務組,2,"復健－物理治療業務,復健－職能治療業務,安寧居家療護(甲類),復健－語言治療業務,急診業務,門診診療,婦女人類乳突病毒檢測服務,住院診療,血液透析,分娩,精神病患者居家照護,義肢業務,胸部低劑量電腦斷層檢查,精神科日間住院治療,腹膜透析業務","不分科,家醫科,內科,外科,兒科,婦產科,骨科,神經外科,泌尿科,耳鼻喉科,眼科,皮膚科,神經科,精神科,復健科,整形外科,急診醫學科,牙科,口腔顎面外科,麻醉科,放射線科,病理科,核子醫學科",20271201,星期一上午看診、星期二上午看診、星期三上午看診、星期四上午看診、星期五上午看診、星期六上午看診、星期日上午休診、星期一下午看診、星期二下午看診、星期三下午看診、星期四下午看診、星期五下午看診、星期六下午休診、星期日下午休診、星期一晚上看診、星期二晚上看診、星期三晚上看診、星期四晚上看診、星期五晚上看診、星期六晚上休診、星期日晚上休診,本院提供24小時急診服務,66000,20051202
1532011154,敏盛綜合醫院,綜合醫院,(03)3179599,桃園市桃園區經國路168號、三民路三段106號,北區業務組,2,"復健－物理治療業務,復健－職能治療業務,安寧居家療護(甲類),復健－語言治療業務,急診業務,門診診療,婦女人類乳突病毒檢測服務,住院診療,血液透析,分娩,胸部低劑量電腦斷層檢查,腹膜透析業務","家醫科,內科,外科,兒科,婦產科,骨科,神經外科,泌尿科,耳鼻喉科,眼科,皮膚科,神經科,精神科,復健科,職業醫學科,急診醫學科,麻醉科,核子醫學科,放射腫瘤科,放射診斷科,解剖病理科",20270630,星期一上午看診、星期二上午看診、星期三上午看診、星期四上午看診、星期五上午看診、星期六上午看診、星期日上午休診、星期一下午看診、星期二下午看診、星期三下午看診、星期四下午看診、星期五下午看診、星期六下午休診、星期日下午休診、星期一晚上看診、星期二晚上看診、星期三晚上看診、星期四晚上看診、星期五晚上看診、星期六晚上休診、星期日晚上休診,-,68000,20120701
1532100049,聯新國際醫院,綜合醫院,(03)4941234,桃園市平鎮區廣泰路７７號、延平路二段４３０巷１１５號,北區業務組,2,"復健－物理治療業務,復健－職能治療業務,復健－聽力檢查業務,復健－語言治療業務,急診業務,門診診療,婦女人類乳突病毒檢測服務,住院診療,血液透析,居家照護,分娩,胸部低劑量電腦斷層檢查,腹膜透析業務","家醫科,內科,外科,兒科,婦產科,骨科,神經外科,泌尿科,耳鼻喉科,眼科,皮膚科,神經科,精神科,復健科,整形外科,職業醫學科,急診醫學科,牙科,口腔顎面外科,中醫一般科,麻醉科,放射線科,核子醫學科",20251231,星期一上午看診、星期二上午看診、星期三上午看診、星期四上午看診、星期五上午看診、星期六上午看診、星期日上午休診、星期一下午看診、星期二下午看診、星期三下午看診、星期四下午看診、星期五下午看診、星期六下午休診、星期日下午休診、星期一晚上看診、星期二晚上看診、星期三晚上看診、星期四晚上看診、星期五晚上看診、星期六晚上休診、星期日晚上休診,連續假期急診如常看診，門診及夜診開診科別依本院實際公告為準。,68000,19950301
